City_ID,City,Lat,Lng,Max Temp,Humidity,Cloudiness,Wind Speed,Country,Date,Description
0,Jacareacanga,-6.2222,-57.7528,36.17,46,0,3.09,BR,2021-08-24 18:51:10,clear sky
1,Adrar,20.5022,-10.0711,38.78,14,3,2.6,MR,2021-08-24 18:50:41,clear sky
2,Santa Isabel Do Rio Negro,-0.4139,-65.0192,36.26,33,89,2.24,BR,2021-08-24 18:48:53,overcast clouds
3,Great Yarmouth,52.6083,1.7305,17.53,96,53,4.46,GB,2021-08-24 18:54:14,broken clouds
4,Comodoro Rivadavia,-45.8667,-67.5,9.92,46,0,8.23,AR,2021-08-24 18:57:18,clear sky
5,Cidreira,-30.1811,-50.2056,17.23,93,85,5.18,BR,2021-08-24 18:57:19,heavy intensity rain
6,Manyana,-23.4,21.7167,20.26,17,64,4.41,BW,2021-08-24 18:57:19,broken clouds
7,Lebu,-37.6167,-73.65,9.29,58,89,4.32,CL,2021-08-24 18:48:10,overcast clouds
8,Jalu,29.0331,21.5482,30.63,29,0,4.75,LY,2021-08-24 18:49:04,clear sky
9,Faaborg,55.0951,10.2423,18.0,70,100,3.49,DK,2021-08-24 18:57:19,overcast clouds
10,Iqaluit,63.7506,-68.5145,6.85,81,90,2.06,CA,2021-08-24 18:49:08,overcast clouds
11,Svetlogorsk,52.6333,29.7333,12.53,98,100,2.89,BY,2021-08-24 18:57:20,light rain
12,Namibe,-15.1961,12.1522,17.37,70,2,5.08,AO,2021-08-24 18:50:05,clear sky
13,Georgetown,5.4112,100.3354,24.38,93,40,1.54,MY,2021-08-24 18:57:20,scattered clouds
14,Ushtobe,45.2514,77.9838,22.3,16,100,0.23,KZ,2021-08-24 18:57:20,overcast clouds
15,Raudeberg,61.9875,5.1352,15.11,95,100,0.45,NO,2021-08-24 18:50:36,overcast clouds
16,Busselton,-33.65,115.3333,8.94,58,5,4.41,AU,2021-08-24 18:57:21,clear sky
17,Cape Town,-33.9258,18.4232,14.51,87,20,0.45,ZA,2021-08-24 18:54:54,light rain
18,Ostrovnoy,68.0531,39.5131,6.57,73,100,1.43,RU,2021-08-24 18:49:09,overcast clouds
19,Lagoa,39.05,-27.9833,21.66,69,0,6.65,PT,2021-08-24 18:57:21,clear sky
20,Ponta Do Sol,32.6667,-17.1,25.35,79,1,2.22,PT,2021-08-24 18:57:21,clear sky
21,Sao Joao Da Barra,-21.6403,-41.0511,27.05,77,0,9.14,BR,2021-08-24 18:49:27,clear sky
22,Pangnirtung,66.1451,-65.7125,7.0,87,90,3.6,CA,2021-08-24 18:49:57,light rain
23,Teeli,51.0333,90.2333,12.08,65,7,0.14,RU,2021-08-24 18:57:22,clear sky
24,Sorland,67.667,12.6934,10.04,92,100,12.55,NO,2021-08-24 18:49:32,light rain
25,Moose Factory,51.2585,-80.6094,21.0,52,20,6.17,CA,2021-08-24 18:51:14,few clouds
26,Qaanaaq,77.484,-69.3632,6.63,58,100,1.51,GL,2021-08-24 18:57:22,overcast clouds
27,Vardo,70.3705,31.1107,9.11,87,75,4.63,NO,2021-08-24 18:57:22,broken clouds
28,Jamestown,42.097,-79.2353,30.6,63,1,1.79,US,2021-08-24 18:54:08,clear sky
29,East London,-33.0153,27.9116,14.52,82,0,3.6,ZA,2021-08-24 18:57:23,clear sky
30,Hermanus,-34.4187,19.2345,14.39,84,33,3.81,ZA,2021-08-24 18:57:23,scattered clouds
31,Ilulissat,69.2167,-51.1,3.15,94,100,2.24,GL,2021-08-24 18:57:23,overcast clouds
32,Abha,18.2164,42.5053,20.14,56,40,0.0,SA,2021-08-24 18:57:24,scattered clouds
33,Hobyo,5.3505,48.5268,25.08,84,0,11.82,SO,2021-08-24 18:50:08,clear sky
34,Luderitz,-26.6481,15.1594,14.41,72,0,9.66,NA,2021-08-24 18:57:24,clear sky
35,Libenge,3.65,18.6333,21.69,98,100,2.77,CD,2021-08-24 18:50:48,light rain
36,Nanortalik,60.1432,-45.2371,7.73,88,100,2.37,GL,2021-08-24 18:57:24,overcast clouds
37,Tasiilaq,65.6145,-37.6368,5.67,94,100,7.2,GL,2021-08-24 18:57:25,light rain
38,Malakal,9.5334,31.6605,24.87,75,32,0.95,SS,2021-08-24 18:57:25,scattered clouds
39,Los Llanos De Aridane,28.6585,-17.9182,22.86,83,20,7.72,ES,2021-08-24 18:57:25,few clouds
40,Banda Aceh,5.5577,95.3222,26.28,79,100,4.29,ID,2021-08-24 18:57:26,light rain
41,Sosnogorsk,63.6023,53.8817,8.41,86,75,1.75,RU,2021-08-24 18:57:26,broken clouds
42,Ushuaia,-54.8,-68.3,3.81,65,20,3.09,AR,2021-08-24 18:55:04,few clouds
43,Montbeliard,47.5167,6.8,18.6,82,5,5.26,FR,2021-08-24 18:54:12,clear sky
44,Mulchen,-37.7167,-72.2333,10.98,42,98,2.16,CL,2021-08-24 18:57:26,overcast clouds
45,Port Elizabeth,-33.918,25.5701,15.16,82,0,6.17,ZA,2021-08-24 18:57:27,clear sky
46,Edd,13.9297,41.6925,32.19,64,100,2.21,ER,2021-08-24 18:57:27,overcast clouds
47,Presidente Medici,-11.1753,-61.9014,39.48,12,1,1.92,BR,2021-08-24 18:57:27,clear sky
48,Saint-Philippe,-21.3585,55.7679,20.77,74,46,4.69,RE,2021-08-24 18:57:28,scattered clouds
49,Dabhol,17.6,73.1667,25.38,88,95,0.34,IN,2021-08-24 18:57:28,overcast clouds
50,Belyy Yar,53.6039,91.3903,11.94,87,0,1.0,RU,2021-08-24 18:50:14,clear sky
51,Kipini,-2.5257,40.5262,24.47,76,0,7.67,KE,2021-08-24 18:57:28,clear sky
52,Betioky,-23.7167,44.3833,19.45,64,0,1.11,MG,2021-08-24 18:57:29,clear sky
53,Punta Arenas,-53.15,-70.9167,4.6,52,63,3.01,CL,2021-08-24 18:57:25,broken clouds
54,Fasa,28.9383,53.6482,28.58,21,20,0.0,IR,2021-08-24 18:57:29,few clouds
55,El Tigre,8.8875,-64.2454,29.66,59,91,3.88,VE,2021-08-24 18:57:29,overcast clouds
56,Hithadhoo,-0.6,73.0833,28.15,73,15,6.11,MV,2021-08-24 18:57:30,few clouds
57,Severnyy,50.677,36.5532,20.02,49,0,1.0,RU,2021-08-24 18:51:17,clear sky
58,Cabedelo,-6.9811,-34.8339,27.37,80,92,6.82,BR,2021-08-24 18:57:30,overcast clouds
59,Buraydah,26.326,43.975,37.25,16,0,5.65,SA,2021-08-24 18:57:30,clear sky
60,Surgut,61.25,73.4167,21.1,100,0,2.0,RU,2021-08-24 18:57:31,clear sky
61,Westport,41.1415,-73.3579,33.49,62,13,0.45,US,2021-08-24 18:52:37,few clouds
62,Camopi,3.1655,-52.3158,32.65,43,90,1.84,GF,2021-08-24 18:49:24,overcast clouds
63,Kamyshla,54.1169,52.1426,27.09,28,100,5.66,RU,2021-08-24 18:57:31,overcast clouds
64,Vila Franca Do Campo,37.7167,-25.4333,23.23,90,100,2.67,PT,2021-08-24 18:57:32,overcast clouds
65,Milan,45.4643,9.1895,26.04,42,20,1.79,IT,2021-08-24 18:53:05,few clouds
66,Port Alfred,-33.5906,26.891,15.37,82,1,5.89,ZA,2021-08-24 18:57:32,clear sky
67,Manicore,-5.8092,-61.3003,34.97,46,0,3.6,BR,2021-08-24 18:57:32,clear sky
68,Pietarsaari,63.65,22.6833,11.05,73,100,5.17,FI,2021-08-24 18:57:32,overcast clouds
69,Bela Cruz,-3.0506,-40.1678,31.27,48,94,8.21,BR,2021-08-24 18:57:33,overcast clouds
70,Lima,-12.0432,-77.0282,16.14,77,90,6.69,PE,2021-08-24 18:52:34,overcast clouds
71,Kavaratti,10.5669,72.642,27.04,78,11,3.6,IN,2021-08-24 18:57:33,few clouds
72,Marsh Harbour,26.5412,-77.0636,29.0,70,68,5.03,BS,2021-08-24 18:50:18,broken clouds
73,Mar Del Plata,-38.0023,-57.5575,15.01,25,0,5.14,AR,2021-08-24 18:55:26,clear sky
74,Rio Gallegos,-51.6226,-69.2181,6.03,49,0,2.57,AR,2021-08-24 18:50:21,clear sky
75,Guatire,10.4762,-66.5427,30.11,85,99,1.48,VE,2021-08-24 18:57:34,overcast clouds
76,Coquimbo,-29.9533,-71.3436,13.03,67,62,3.23,CL,2021-08-24 18:53:31,broken clouds
77,Narsaq,60.9167,-46.05,16.12,77,97,1.14,GL,2021-08-24 18:49:45,overcast clouds
78,Jibuti,11.5,42.5,31.84,34,13,1.82,DJ,2021-08-24 18:57:34,few clouds
79,Falmouth,50.1544,-5.0711,20.5,100,0,3.13,GB,2021-08-24 18:57:34,clear sky
80,Marienburg,54.0359,19.0266,14.81,71,95,3.86,PL,2021-08-24 18:57:35,overcast clouds
81,Sao Filipe,14.8961,-24.4956,27.0,80,94,1.75,CV,2021-08-24 18:57:35,overcast clouds
82,Nizhnevartovsk,60.9344,76.5531,19.01,100,88,0.0,RU,2021-08-24 18:57:35,mist
83,Kruisfontein,-34.0033,24.7314,11.05,89,39,2.82,ZA,2021-08-24 18:57:35,scattered clouds
84,Muriae,-21.1306,-42.3664,31.21,22,0,2.75,BR,2021-08-24 18:57:36,clear sky
85,Muros,42.7762,-9.0603,27.86,47,1,1.26,ES,2021-08-24 18:57:36,clear sky
86,Pervomayskoye,43.919,46.7102,22.82,69,100,3.1,RU,2021-08-24 18:57:36,overcast clouds
87,Najran,17.4924,44.1277,32.36,22,14,2.33,SA,2021-08-24 18:57:37,few clouds
88,Oktyabrskoye,43.0645,44.7417,17.08,94,81,4.0,RU,2021-08-24 18:51:16,broken clouds
89,Margate,51.3813,1.3862,17.39,71,100,1.79,GB,2021-08-24 18:49:47,overcast clouds
90,Beloha,-25.1667,45.05,18.76,92,0,0.43,MG,2021-08-24 18:51:23,clear sky
91,Saint George,37.1041,-113.5841,36.26,15,1,1.34,US,2021-08-24 18:55:14,clear sky
92,Bredasdorp,-34.5322,20.0403,12.62,82,4,3.6,ZA,2021-08-24 18:57:37,clear sky
93,Henderson,36.0397,-114.9819,37.84,15,1,5.14,US,2021-08-24 18:57:37,clear sky
94,Clyde River,70.4692,-68.5914,5.13,87,90,3.09,CA,2021-08-24 18:49:44,overcast clouds
95,Victoria,22.2855,114.1577,29.62,82,100,3.55,HK,2021-08-24 18:55:32,overcast clouds
96,Dolores,-36.3132,-57.6792,13.92,38,51,0.6,AR,2021-08-24 18:57:38,broken clouds
97,Outjo,-20.1167,16.15,21.5,23,41,4.42,NA,2021-08-24 18:57:38,scattered clouds
98,Bacalar,18.6667,-88.3833,33.43,49,73,3.74,MX,2021-08-24 18:57:39,broken clouds
99,Makat,47.6469,53.3463,31.61,19,100,4.85,KZ,2021-08-24 18:57:39,overcast clouds
100,Abu Dhabi,24.4667,54.3667,36.06,66,0,3.09,AE,2021-08-24 18:45:50,clear sky
101,Darovskoy,58.77,47.9564,15.58,57,100,0.39,RU,2021-08-24 18:57:39,overcast clouds
102,Togur,58.3631,82.8265,16.97,91,5,2.82,RU,2021-08-24 18:49:15,clear sky
103,Soyo,-6.1349,12.3689,23.16,82,99,4.62,AO,2021-08-24 18:57:40,overcast clouds
104,Axim,4.8699,-2.2405,24.62,90,16,2.82,GH,2021-08-24 18:51:35,light rain
105,Laguna,38.421,-121.4238,31.47,44,1,1.34,US,2021-08-24 18:57:40,haze
106,Pascagoula,30.3658,-88.5561,36.0,58,20,3.51,US,2021-08-24 18:47:37,few clouds
107,Mecca,21.4267,39.8261,33.35,37,93,0.92,SA,2021-08-24 18:55:05,overcast clouds
108,Sargatskoye,55.6101,73.4972,21.27,68,7,1.73,RU,2021-08-24 18:57:41,clear sky
109,Gemena,3.25,19.7667,21.75,98,100,2.85,CD,2021-08-24 18:51:56,moderate rain
110,Tabou,4.423,-7.3528,24.85,88,36,3.32,CI,2021-08-24 18:57:41,scattered clouds
111,Hambantota,6.1241,81.1185,26.19,94,40,4.63,LK,2021-08-24 18:57:41,scattered clouds
112,Ambilobe,-13.2,49.05,19.72,70,2,2.7,MG,2021-08-24 18:50:18,clear sky
113,Saint-Augustin,51.226,-58.6502,16.1,98,100,3.98,CA,2021-08-24 18:49:17,overcast clouds
114,Saldanha,-33.0117,17.9442,13.03,92,0,2.61,ZA,2021-08-24 18:57:42,clear sky
115,Saint-Joseph,-21.3667,55.6167,20.21,71,50,5.28,RE,2021-08-24 18:49:54,scattered clouds
116,Sechura,-5.5569,-80.8222,24.3,58,12,8.52,PE,2021-08-24 18:57:42,few clouds
117,Tias,28.9611,-13.645,23.86,64,20,8.23,ES,2021-08-24 18:57:43,few clouds
118,Bathsheba,13.2167,-59.5167,31.34,70,40,9.26,BB,2021-08-24 18:57:43,scattered clouds
119,Mahebourg,-20.4081,57.7,21.16,68,40,6.69,MU,2021-08-24 18:57:43,scattered clouds
120,Kralendijk,12.15,-68.2667,27.93,80,100,8.97,BQ,2021-08-24 18:57:43,overcast clouds
121,Bengkulu,-3.8004,102.2655,23.21,92,25,2.0,ID,2021-08-24 18:49:17,scattered clouds
122,Zaysan,47.4667,84.8667,18.42,28,0,2.51,KZ,2021-08-24 18:50:34,clear sky
123,Rio De Janeiro,-22.9028,-43.2075,33.12,42,0,5.14,BR,2021-08-24 18:55:06,clear sky
124,Coihaique,-45.5752,-72.0662,5.21,86,100,2.78,CL,2021-08-24 18:57:44,light rain
125,Yar-Sale,66.8333,70.8333,8.91,76,17,4.23,RU,2021-08-24 18:57:44,few clouds
126,Klaksvik,62.2266,-6.589,12.51,95,74,7.74,FO,2021-08-24 18:49:47,broken clouds
127,Bay Roberts,47.5999,-53.2648,25.86,79,100,3.13,CA,2021-08-24 18:51:19,overcast clouds
128,Saint-Georges,12.0564,-61.7485,28.82,84,40,8.75,GD,2021-08-24 18:50:36,scattered clouds
129,Shepsi,44.0361,39.1489,24.35,74,0,3.19,RU,2021-08-24 18:57:45,clear sky
130,Hellvik,59.9156,5.781,16.54,86,100,2.24,NO,2021-08-24 18:57:45,overcast clouds
131,Husavik,66.0449,-17.3389,15.95,85,67,0.95,IS,2021-08-24 18:57:45,broken clouds
132,Caucaia,-3.7361,-38.6531,28.97,75,0,7.2,BR,2021-08-24 18:57:45,clear sky
133,Saint-Ambroise,48.5501,-71.3324,30.17,51,0,5.14,CA,2021-08-24 18:57:46,clear sky
134,Cayenne,4.9333,-52.3333,32.02,77,40,3.58,GF,2021-08-24 18:57:46,scattered clouds
135,Falakata,26.5208,89.2055,25.61,95,100,1.19,IN,2021-08-24 18:57:46,overcast clouds
136,Cuamba,-14.8031,36.5372,23.12,31,1,1.08,MZ,2021-08-24 18:49:35,clear sky
137,Shelburne,44.0787,-80.2041,31.48,37,0,5.15,CA,2021-08-24 18:49:24,clear sky
138,Dikson,73.5069,80.5464,4.83,94,100,14.55,RU,2021-08-24 18:57:47,moderate rain
139,Bonfim,3.0833,-59.95,32.97,48,40,2.59,BR,2021-08-24 18:57:47,scattered clouds
140,Grindavik,63.8424,-22.4338,15.97,100,90,10.29,IS,2021-08-24 18:57:47,light intensity drizzle
141,Porto Santo,33.072,-16.3415,24.95,69,40,5.66,PT,2021-08-24 18:57:48,scattered clouds
142,Mocuba,-16.8392,36.9856,20.71,82,0,2.71,MZ,2021-08-24 18:49:17,clear sky
143,Nurobod,40.9056,69.8023,22.47,22,0,2.47,UZ,2021-08-24 18:57:48,clear sky
144,Rundu,-17.9333,19.7667,22.84,20,0,2.88,NA,2021-08-24 18:49:03,clear sky
145,Merta,26.65,74.0333,30.78,48,100,8.35,IN,2021-08-24 18:57:48,light rain
146,Qaqortoq,60.7167,-46.0333,9.35,83,100,2.15,GL,2021-08-24 18:57:49,overcast clouds
147,Codrington,-38.2667,141.9667,10.29,81,99,8.24,AU,2021-08-24 18:48:57,overcast clouds
148,Vieste,41.8825,16.175,24.17,77,58,3.89,IT,2021-08-24 18:57:49,broken clouds
149,Zhezkazgan,47.8043,67.7144,24.2,36,0,4.21,KZ,2021-08-24 18:51:15,clear sky
150,Awjilah,29.1081,21.2869,29.96,36,0,6.13,LY,2021-08-24 18:57:49,clear sky
151,Havre-Saint-Pierre,50.2334,-63.5986,20.2,94,90,1.03,CA,2021-08-24 18:50:46,overcast clouds
152,Puntarenas,9.9763,-84.8384,30.96,73,68,1.44,CR,2021-08-24 18:57:50,broken clouds
153,Gao,16.6362,1.637,38.52,17,17,3.29,ML,2021-08-24 18:57:50,few clouds
154,Saint Anthony,45.0205,-93.218,24.18,81,1,4.63,US,2021-08-24 18:45:23,clear sky
155,Aleksandrow Lodzki,51.8196,19.3038,13.38,84,20,2.06,PL,2021-08-24 18:57:50,few clouds
156,Novoorsk,51.381,58.9813,22.36,29,10,3.79,RU,2021-08-24 18:57:51,clear sky
157,Isoka,-10.1606,32.6335,19.46,43,2,1.85,ZM,2021-08-24 18:57:51,clear sky
158,Emba,48.8264,58.1442,25.56,20,7,4.19,KZ,2021-08-24 18:57:51,clear sky
159,Mehamn,71.0357,27.8492,9.95,87,97,4.15,NO,2021-08-24 18:51:16,overcast clouds
160,Dingle,10.9995,122.6711,24.51,88,90,1.0,PH,2021-08-24 18:51:01,light rain
161,Thohoyandou,-22.9456,30.485,22.88,46,0,2.1,ZA,2021-08-24 18:57:52,clear sky
162,Veraval,20.9,70.3667,27.49,83,87,4.73,IN,2021-08-24 18:51:15,overcast clouds
163,Nantucket,41.2835,-70.0995,28.87,51,9,2.95,US,2021-08-24 18:57:52,clear sky
164,Upernavik,72.7868,-56.1549,6.83,69,100,4.47,GL,2021-08-24 18:57:52,overcast clouds
165,Barra Patuca,15.8,-84.2833,28.18,84,100,5.65,HN,2021-08-24 18:49:19,overcast clouds
166,Doha,25.2867,51.5333,36.17,69,0,3.09,QA,2021-08-24 18:45:29,clear sky
167,Lapithos,35.3375,33.1792,29.16,75,0,4.04,CY,2021-08-24 18:57:53,clear sky
168,Moussoro,13.6408,16.4901,31.98,50,16,4.84,TD,2021-08-24 18:49:43,few clouds
169,Tando Jam,25.4272,68.5362,27.73,71,88,10.29,PK,2021-08-24 18:57:53,overcast clouds
170,Mogadishu,2.0371,45.3438,24.95,83,20,7.87,SO,2021-08-24 18:49:42,few clouds
171,Souillac,-20.5167,57.5167,21.21,68,40,6.69,MU,2021-08-24 18:57:54,scattered clouds
172,Thinadhoo,0.5333,72.9333,27.45,77,79,4.52,MV,2021-08-24 18:57:54,broken clouds
173,Pithiviers,48.1667,2.25,21.2,49,0,5.6,FR,2021-08-24 18:57:54,clear sky
174,Muzhi,65.3667,64.6667,10.46,69,94,3.12,RU,2021-08-24 18:57:55,overcast clouds
175,Touros,-5.1989,-35.4608,26.5,66,99,8.17,BR,2021-08-24 18:49:56,overcast clouds
176,Salta,-24.7859,-65.4117,18.33,32,0,4.02,AR,2021-08-24 18:57:55,clear sky
177,Castro,-24.7911,-50.0119,25.76,39,10,3.63,BR,2021-08-24 18:53:51,clear sky
178,Paita,-5.0892,-81.1144,24.31,72,12,9.14,PE,2021-08-24 18:49:46,few clouds
179,Lahuachaca,-17.3667,-67.6667,12.8,41,96,5.3,BO,2021-08-24 18:57:55,overcast clouds
180,Ceyhan,37.0247,35.8175,28.91,87,1,1.78,TR,2021-08-24 18:55:15,clear sky
181,Torbay,47.6666,-52.7314,25.43,71,75,6.69,CA,2021-08-24 18:57:56,broken clouds
182,Weligama,5.9667,80.4167,25.0,89,15,2.12,LK,2021-08-24 18:50:15,few clouds
183,Araouane,18.9048,-3.5265,40.8,12,13,1.62,ML,2021-08-24 18:50:34,few clouds
184,Dudinka,69.4058,86.1778,8.35,83,100,10.28,RU,2021-08-24 18:57:56,light rain
185,Tessalit,20.1986,1.0114,38.84,12,89,2.4,ML,2021-08-24 18:57:57,overcast clouds
186,Ancud,-41.8697,-73.8203,6.9,92,100,9.63,CL,2021-08-24 18:57:57,moderate rain
187,Tsumeb,-19.2333,17.7167,22.75,23,10,3.41,NA,2021-08-24 18:57:57,clear sky
188,The Valley,18.217,-63.0578,31.92,66,40,6.69,AI,2021-08-24 18:57:57,haze
189,Carballo,43.213,-8.691,27.26,70,6,3.89,ES,2021-08-24 18:57:58,clear sky
190,Smiltene,57.4244,25.9016,11.56,87,100,1.64,LV,2021-08-24 18:56:15,overcast clouds
191,Codajas,-3.8367,-62.0569,38.6,25,84,2.12,BR,2021-08-24 18:53:16,broken clouds
192,Iskateley,67.6803,53.1512,7.01,92,100,1.65,RU,2021-08-24 18:57:58,overcast clouds
193,Ribeira Grande,38.5167,-28.7,24.22,53,20,2.57,PT,2021-08-24 18:57:58,few clouds
194,Pachora,20.6667,75.35,25.51,84,100,1.83,IN,2021-08-24 18:57:59,overcast clouds
195,Tiznit,29.5833,-9.5,20.64,76,24,3.14,MA,2021-08-24 18:51:17,few clouds
196,Siwana,25.6333,72.4167,30.9,55,100,7.74,IN,2021-08-24 18:57:59,overcast clouds
197,Kaoma,-14.7833,24.8,23.15,29,4,4.09,ZM,2021-08-24 18:57:59,clear sky
198,Harper,4.375,-7.7169,24.88,88,35,3.38,LR,2021-08-24 18:58:00,light rain
199,Belur,13.1667,75.8667,19.74,95,68,2.9,IN,2021-08-24 18:58:00,broken clouds
200,Ongandjera,-17.8833,15.0667,23.26,22,5,1.79,NA,2021-08-24 18:58:00,clear sky
201,Maarianhamina,60.0973,19.9348,12.92,71,40,6.17,AX,2021-08-24 18:58:01,scattered clouds
202,San Jose,37.3394,-121.895,26.68,57,0,1.3,US,2021-08-24 18:54:09,clear sky
203,Itarema,-2.9248,-39.9167,28.4,65,69,9.19,BR,2021-08-24 18:58:01,broken clouds
204,Colwyn Bay,53.2948,-3.7267,19.34,90,100,1.34,GB,2021-08-24 18:58:01,overcast clouds
205,Caraquet,47.7941,-64.9386,25.32,93,100,3.41,CA,2021-08-24 18:57:56,overcast clouds
206,Amapa,1.0,-52.0,32.21,49,91,1.46,BR,2021-08-24 18:49:37,overcast clouds
207,Tromso,69.6496,18.957,10.36,87,75,6.17,NO,2021-08-24 18:51:28,broken clouds
208,Oum Hadjer,13.2954,19.6966,29.58,58,6,2.03,TD,2021-08-24 18:58:02,clear sky
209,Kasongo-Lunda,-6.4667,16.8167,22.66,80,91,0.83,CD,2021-08-24 18:58:02,overcast clouds
210,Sao Jose Da Coroa Grande,-8.8978,-35.1478,25.46,78,20,5.05,BR,2021-08-24 18:58:02,few clouds
211,Cartagena,10.3997,-75.5144,31.79,62,40,6.69,CO,2021-08-24 18:58:03,scattered clouds
212,Sikonge,-5.6333,32.7667,23.75,27,0,4.45,TZ,2021-08-24 18:58:03,clear sky
213,Bambous Virieux,-20.3428,57.7575,21.14,68,40,6.69,MU,2021-08-24 18:58:04,scattered clouds
214,Mashhad,36.297,59.6062,25.08,33,0,2.06,IR,2021-08-24 18:53:06,clear sky
215,Vylkove,45.4021,29.586,21.47,76,0,2.62,UA,2021-08-24 18:58:04,clear sky
216,Gat,31.61,34.7642,27.67,65,0,2.61,IL,2021-08-24 18:50:49,clear sky
217,Bud,39.447,-86.1758,34.47,58,10,1.3,US,2021-08-24 18:58:04,clear sky
218,Catamarca,-28.4696,-65.7852,19.87,25,6,4.47,AR,2021-08-24 18:58:05,clear sky
219,Venado Tuerto,-33.7456,-61.9688,16.54,24,99,3.73,AR,2021-08-24 18:58:05,overcast clouds
220,Arraial Do Cabo,-22.9661,-42.0278,28.98,61,0,8.23,BR,2021-08-24 18:58:05,clear sky
221,Qazanbulaq,40.6192,46.6519,26.5,61,100,2.8,AZ,2021-08-24 18:58:05,overcast clouds
222,Jasper,37.2001,-94.3502,35.01,51,0,1.34,US,2021-08-24 18:58:06,clear sky
223,Nushki,29.5542,66.0215,28.12,10,0,2.92,PK,2021-08-24 18:58:06,clear sky
224,Zimovniki,47.1483,42.4633,20.34,47,13,2.79,RU,2021-08-24 18:58:06,few clouds
225,Acarau,-2.8856,-40.12,28.75,65,81,9.81,BR,2021-08-24 18:49:06,broken clouds
226,Chuy,-33.6971,-53.4616,11.19,86,100,2.9,UY,2021-08-24 18:58:07,light rain
227,Tucupita,9.0622,-62.051,33.84,44,97,2.05,VE,2021-08-24 18:58:07,overcast clouds
228,Teya,60.3778,92.6267,11.74,95,72,1.58,RU,2021-08-24 18:58:07,light rain
229,Salinas,36.6777,-121.6555,19.18,53,0,3.51,US,2021-08-24 18:57:13,clear sky
230,Ilheus,-14.7889,-39.0494,25.9,73,75,3.6,BR,2021-08-24 18:58:08,broken clouds
231,Dabrowa Tarnowska,50.1746,20.9863,12.6,94,100,2.96,PL,2021-08-24 18:58:08,overcast clouds
232,Bobenheim-Roxheim,49.5875,8.3578,19.0,71,40,0.45,DE,2021-08-24 18:58:08,scattered clouds
233,Riberalta,-10.9833,-66.1,34.11,52,0,5.14,BO,2021-08-24 18:51:11,smoke
234,Pokhara,28.2333,83.9833,21.45,92,100,1.22,NP,2021-08-24 18:58:08,moderate rain
235,Redcliffe,-27.2307,153.0973,12.86,61,0,4.63,AU,2021-08-24 18:58:09,clear sky
236,Galbinasi,45.0833,26.9167,23.54,39,48,2.96,RO,2021-08-24 18:58:09,scattered clouds
237,Staronizhestebliyevskaya,45.3767,38.4517,25.7,60,0,4.13,RU,2021-08-24 18:58:09,clear sky
238,Bandar-E Lengeh,26.5579,54.8807,35.06,63,3,2.06,IR,2021-08-24 18:58:10,clear sky
239,Kozhevnikovo,56.2589,83.9714,17.18,91,10,1.85,RU,2021-08-24 18:58:10,clear sky
240,Geraldton,-28.7667,114.6,13.23,54,3,7.72,AU,2021-08-24 18:49:23,clear sky
241,Hofn,64.2539,-15.2082,14.61,92,84,2.44,IS,2021-08-24 18:51:29,broken clouds
242,Glubokiy,48.5217,40.3258,20.56,36,7,3.21,RU,2021-08-24 18:58:10,clear sky
243,Saquena,-4.6667,-73.5167,38.38,28,46,1.05,PE,2021-08-24 18:58:11,scattered clouds
244,Salvador,13.8333,-88.9167,28.36,64,43,1.02,SV,2021-08-24 18:58:11,scattered clouds
245,El Pino,15.7,-86.9333,34.29,70,40,9.77,HN,2021-08-24 18:58:11,scattered clouds
246,Kismayo,-0.3582,42.5454,24.48,79,0,7.24,SO,2021-08-24 18:58:12,clear sky
247,Saint-Michel-Des-Saints,46.6834,-73.9159,29.23,37,0,4.57,CA,2021-08-24 18:58:12,clear sky
248,Muli,2.9167,73.5667,27.55,75,57,5.8,MV,2021-08-24 18:58:12,broken clouds
249,Urkarakh,42.163,47.6307,16.21,93,100,0.81,RU,2021-08-24 18:58:12,overcast clouds
250,Makhachkala,42.9764,47.5024,23.99,66,100,1.48,RU,2021-08-24 18:58:13,overcast clouds
251,Clocolan,-28.9137,27.5656,10.83,21,0,0.53,ZA,2021-08-24 18:58:13,clear sky
252,Tortoli,39.9256,9.6572,26.66,70,2,0.74,IT,2021-08-24 18:58:13,clear sky
253,Guasdualito,7.2424,-70.7324,27.25,83,100,1.28,VE,2021-08-24 18:58:14,moderate rain
254,Arlit,18.7369,7.3853,39.01,12,8,1.27,NE,2021-08-24 18:58:14,clear sky
255,Carnarvon,-24.8667,113.6333,13.04,73,40,2.06,AU,2021-08-24 18:49:12,scattered clouds
256,Ginir,7.1333,40.7,19.43,54,80,2.67,ET,2021-08-24 18:58:14,broken clouds
257,Sarkand,45.41,79.9186,21.19,24,100,2.58,KZ,2021-08-24 18:58:14,overcast clouds
258,Port Blair,11.6667,92.75,27.48,80,100,6.43,IN,2021-08-24 18:49:10,overcast clouds
259,Mana,5.6592,-53.7767,28.94,70,36,5.81,GF,2021-08-24 18:58:15,scattered clouds
260,Springbok,-29.6643,17.8865,11.43,52,0,0.93,ZA,2021-08-24 18:49:53,clear sky
261,Oranjemund,-28.55,16.4333,13.03,84,0,7.99,NA,2021-08-24 18:58:15,clear sky
262,Sozimskiy,59.7418,52.2482,12.85,93,100,1.92,RU,2021-08-24 18:58:15,overcast clouds
263,Tatawin,32.9297,10.4518,34.49,26,0,3.9,TN,2021-08-24 18:58:16,clear sky
264,Chiredzi,-21.05,31.6667,24.3,40,0,2.73,ZW,2021-08-24 18:50:25,clear sky
265,Mchinji,-13.7984,32.8802,20.71,41,31,2.35,MW,2021-08-24 18:58:16,scattered clouds
266,Shetpe,44.1667,52.1167,27.92,44,96,2.57,KZ,2021-08-24 18:50:43,overcast clouds
267,Grand Gaube,-20.0064,57.6608,21.22,68,90,1.79,MU,2021-08-24 18:55:08,overcast clouds
268,Campbellford,44.3084,-77.7995,31.68,46,7,0.45,CA,2021-08-24 18:58:17,clear sky
269,Takoradi,4.8845,-1.7554,24.63,90,25,3.56,GH,2021-08-24 18:51:38,light rain
270,Alta Floresta,-9.8756,-56.0861,36.9,25,0,2.57,BR,2021-08-24 18:49:42,clear sky
271,At-Bashi,41.1702,75.8106,12.59,62,0,0.66,KG,2021-08-24 18:58:17,clear sky
272,Baracoa,20.3467,-74.4958,29.39,66,7,5.03,CU,2021-08-24 18:58:17,clear sky
273,Riyadh,24.6877,46.7219,39.08,15,73,6.25,SA,2021-08-24 18:44:17,broken clouds
274,Sur,22.5667,59.5289,28.56,67,0,7.15,OM,2021-08-24 18:49:36,clear sky
275,Tazmalt,36.3868,4.3989,27.79,50,100,2.11,DZ,2021-08-24 18:58:18,overcast clouds
276,Buerarema,-14.9594,-39.2997,25.33,51,18,3.18,BR,2021-08-24 18:58:18,few clouds
277,Agucadoura,41.4318,-8.7804,28.51,66,0,1.6,PT,2021-08-24 18:58:18,clear sky
278,Venancio Aires,-29.6064,-52.1919,23.01,69,28,2.74,BR,2021-08-24 18:58:19,scattered clouds
279,Hauterive,46.0901,3.4459,21.42,67,0,3.29,FR,2021-08-24 18:58:19,clear sky
280,Soroti,1.7146,33.6111,19.2,81,38,1.02,UG,2021-08-24 18:55:08,light rain
281,Dehloran,32.6941,47.2679,38.16,9,0,2.83,IR,2021-08-24 18:58:19,clear sky
282,Marsa Matruh,31.3525,27.2453,27.11,74,0,4.12,EG,2021-08-24 18:58:19,clear sky
283,Gboko,7.3179,8.9951,24.99,85,100,3.76,NG,2021-08-24 18:58:20,light rain
284,Bandundu,-3.3167,17.3667,23.28,83,100,1.54,CD,2021-08-24 18:58:20,overcast clouds
285,Vieux-Habitants,16.0589,-61.7659,30.76,65,8,7.21,GP,2021-08-24 18:58:20,clear sky
286,Nouadhibou,20.931,-17.0347,22.99,83,1,8.23,MR,2021-08-24 18:58:21,clear sky
287,Nalut,30.3333,10.85,31.17,20,0,4.58,LY,2021-08-24 18:58:21,clear sky
288,Mouila,-1.8685,11.0559,26.59,66,99,0.67,GA,2021-08-24 18:58:21,overcast clouds
289,Sao Felix Do Xingu,-6.6447,-51.995,39.27,17,37,0.54,BR,2021-08-24 18:58:22,scattered clouds
290,Cap Malheureux,-19.9842,57.6142,21.27,68,92,1.79,MU,2021-08-24 18:58:22,overcast clouds
291,Robertsport,6.7533,-11.3686,26.01,82,100,4.52,LR,2021-08-24 18:58:22,overcast clouds
292,Serdobsk,52.4586,44.2169,13.88,68,14,3.31,RU,2021-08-24 18:58:22,few clouds
293,Olinda,-8.0089,-34.8553,25.85,69,40,5.66,BR,2021-08-24 18:51:08,scattered clouds
294,Rio Brilhante,-21.8019,-54.5464,37.13,16,0,5.36,BR,2021-08-24 18:58:23,clear sky
295,Piacabucu,-10.4056,-36.4344,24.95,78,24,4.28,BR,2021-08-24 18:58:23,few clouds
296,Cotonou,6.3654,2.4183,24.99,94,40,5.66,BJ,2021-08-24 18:58:23,light rain
297,Porto Novo,6.4965,2.6036,24.9,86,26,3.12,BJ,2021-08-24 18:58:24,scattered clouds
298,Tombouctou,20.0,-3.0,40.67,7,15,3.02,ML,2021-08-24 18:54:18,few clouds
299,Jumla,29.2747,82.1838,17.43,97,100,0.31,NP,2021-08-24 18:49:01,overcast clouds
300,Vila Velha,-20.3297,-40.2925,25.97,65,0,8.75,BR,2021-08-24 18:53:54,clear sky
301,Pabianice,51.6645,19.3547,13.46,79,20,0.45,PL,2021-08-24 18:58:24,few clouds
302,Kyzyl-Suu,42.3414,78.0056,14.72,78,36,1.41,KG,2021-08-24 18:58:25,scattered clouds
303,Maceio,-9.6658,-35.7353,27.69,65,40,4.63,BR,2021-08-24 18:49:55,scattered clouds
304,Stirion,38.4,22.7167,23.45,50,0,0.85,GR,2021-08-24 18:58:25,clear sky
305,Villazon,-22.0866,-65.5942,17.47,3,0,10.45,BO,2021-08-24 18:50:27,clear sky
306,Pavilosta,56.8879,21.1859,12.97,73,71,3.21,LV,2021-08-24 18:56:16,broken clouds
307,Benghazi,32.1167,20.0667,27.6,67,0,5.74,LY,2021-08-24 18:58:25,clear sky
308,Bafq,31.6128,55.4107,29.71,10,0,4.19,IR,2021-08-24 18:58:26,clear sky
309,Cossato,45.5739,8.1817,23.75,69,28,2.86,IT,2021-08-24 18:58:26,scattered clouds
310,Yanam,16.7333,82.2167,26.09,87,18,1.63,IN,2021-08-24 18:58:26,few clouds
311,Chapais,49.7834,-74.8492,25.88,38,72,4.72,CA,2021-08-24 18:58:27,broken clouds
312,Praia,14.9215,-23.5087,29.3,79,40,4.63,CV,2021-08-24 18:48:54,scattered clouds
313,Bandarbeyla,9.4942,50.8122,24.91,84,49,11.73,SO,2021-08-24 18:49:03,scattered clouds
314,Garowe,8.4054,48.4845,30.04,36,80,7.84,SO,2021-08-24 18:50:54,broken clouds
315,Terracina,41.2863,13.2217,26.62,91,1,0.45,IT,2021-08-24 18:58:27,clear sky
316,Henties Bay,-22.116,14.2845,12.7,82,1,2.54,NA,2021-08-24 18:58:27,clear sky
317,Afua,-0.1567,-50.3867,30.89,59,16,4.33,BR,2021-08-24 18:58:28,few clouds
318,Kanniyakumari,8.0833,77.5667,25.86,87,50,5.05,IN,2021-08-24 18:58:28,scattered clouds
319,Micheweni,-4.9667,39.8333,24.08,72,2,5.32,TZ,2021-08-24 18:58:28,clear sky
320,Karaton,-6.3424,106.1045,24.09,91,60,0.7,ID,2021-08-24 18:58:29,broken clouds
321,Port-Cartier,50.0334,-66.8654,21.12,89,99,2.03,CA,2021-08-24 18:58:29,overcast clouds
322,Longyearbyen,78.2186,15.6401,6.91,87,75,1.54,SJ,2021-08-24 18:58:29,broken clouds
323,Bloomingdale,27.8936,-82.2404,33.9,68,1,0.45,US,2021-08-24 18:58:30,clear sky
324,Wamba,8.9333,8.6,23.85,90,36,0.85,NG,2021-08-24 18:58:30,moderate rain
325,Mkushi,-13.6202,29.3939,21.83,41,34,2.83,ZM,2021-08-24 18:58:30,scattered clouds
326,Berlevag,70.8578,29.0864,10.0,76,75,2.57,NO,2021-08-24 18:49:49,broken clouds
327,Idah,7.1065,6.7342,23.84,95,14,1.71,NG,2021-08-24 18:58:31,light rain
328,Marsabit,2.3284,37.9899,21.85,39,0,9.32,KE,2021-08-24 18:58:31,clear sky
329,Malaya Serdoba,52.4661,44.9512,14.56,74,23,4.55,RU,2021-08-24 18:58:31,few clouds
330,George Town,5.4112,100.3354,24.38,93,40,1.54,MY,2021-08-24 18:58:32,scattered clouds
331,Kumluca,36.3703,30.2869,30.2,46,0,2.21,TR,2021-08-24 18:58:32,clear sky
332,Ubaitaba,-14.3125,-39.3233,25.67,50,3,2.99,BR,2021-08-24 18:58:32,clear sky
333,Sidi Ali,36.0998,0.4206,27.75,61,69,2.28,DZ,2021-08-24 18:51:33,broken clouds
334,Pemba,-12.974,40.5178,24.39,73,40,3.09,MZ,2021-08-24 18:58:32,scattered clouds
335,Iturama,-19.7281,-50.1956,34.66,19,3,0.99,BR,2021-08-24 18:54:36,clear sky
336,Basoko,1.2391,23.616,23.42,85,9,1.71,CD,2021-08-24 18:58:33,light rain
337,Dharchula,29.85,80.5333,22.99,91,100,0.61,IN,2021-08-24 18:58:33,overcast clouds
338,Aanekoski,62.6946,25.818,8.71,75,100,2.24,FI,2021-08-24 18:58:33,overcast clouds
339,Chilca,-12.5211,-76.7372,17.09,83,89,4.95,PE,2021-08-24 18:58:34,overcast clouds
340,Barcelona,41.3888,2.159,25.89,73,20,2.68,ES,2021-08-24 18:57:22,few clouds
341,Puerto Lumbreras,37.5633,-1.8097,24.99,61,0,3.02,ES,2021-08-24 18:58:34,clear sky
342,Tenenkou,14.4572,-4.9169,34.57,37,46,1.49,ML,2021-08-24 18:49:18,scattered clouds
343,Zwedru,6.0667,-8.1281,23.24,95,100,1.68,LR,2021-08-24 18:58:34,moderate rain
344,Waynesville,35.4887,-82.9887,31.16,63,97,0.45,US,2021-08-24 18:58:35,overcast clouds
345,Oistins,13.0667,-59.5333,31.05,70,40,9.26,BB,2021-08-24 18:49:00,scattered clouds
346,Kattivakkam,13.2167,80.3167,29.05,73,20,6.39,IN,2021-08-24 18:58:35,few clouds
347,Salalah,17.0151,54.0924,25.55,89,91,2.35,OM,2021-08-24 18:58:35,overcast clouds
348,Dubti,11.7361,41.0853,31.86,39,100,1.91,ET,2021-08-24 18:58:36,overcast clouds
349,Alberton,46.8168,-64.0654,22.07,93,100,7.5,CA,2021-08-24 18:58:36,light rain
350,Nizhneivkino,58.194,49.5214,12.01,88,74,2.05,RU,2021-08-24 18:58:36,broken clouds
351,Bull Savanna,17.8868,-77.5902,29.77,63,70,3.4,JM,2021-08-24 18:58:37,broken clouds
352,Baglan,36.1307,68.7083,25.47,20,0,1.45,AF,2021-08-24 18:58:37,clear sky
353,Binga,-17.6203,27.3414,23.35,50,9,1.68,ZW,2021-08-24 18:58:37,clear sky
354,Bolshaya Martynovka,47.271,41.6679,18.09,45,94,3.15,RU,2021-08-24 18:58:38,overcast clouds
355,Guia De Isora,28.2115,-16.7795,21.51,71,0,1.79,ES,2021-08-24 18:58:38,clear sky
356,San Cristobal,7.7669,-72.225,28.1,46,60,3.42,VE,2021-08-24 18:49:33,broken clouds
357,Eyl,7.9803,49.8164,25.22,79,7,9.81,SO,2021-08-24 18:58:38,clear sky
358,Sindor,62.8629,51.8905,7.74,97,14,2.23,RU,2021-08-24 18:58:38,few clouds
359,Praia Da Vitoria,38.7333,-27.0667,24.14,64,20,6.69,PT,2021-08-24 18:58:39,few clouds
360,Villa Bruzual,9.3328,-69.1208,27.39,84,100,1.47,VE,2021-08-24 18:58:39,overcast clouds
361,Port-Gentil,-0.7193,8.7815,24.98,83,75,6.17,GA,2021-08-24 18:58:39,broken clouds
362,Biltine,14.5333,20.9167,30.38,48,28,3.04,TD,2021-08-24 18:58:40,scattered clouds
363,Tikhvin,59.6451,33.5294,8.79,97,61,1.75,RU,2021-08-24 18:58:40,broken clouds
364,Kemijarvi,66.7131,27.4306,6.81,76,100,2.51,FI,2021-08-24 18:58:40,overcast clouds
365,Oussouye,12.485,-16.5469,31.1,78,100,2.78,SN,2021-08-24 18:58:40,overcast clouds
366,Viseu,40.661,-7.9097,20.2,39,4,2.09,PT,2021-08-24 18:58:41,clear sky
367,Faya,18.3851,42.4509,20.29,45,100,2.99,SA,2021-08-24 18:58:41,overcast clouds
368,Lubango,-14.9172,13.4925,16.47,33,0,1.97,AO,2021-08-24 18:54:17,clear sky
369,Sembe,1.6481,14.5806,22.03,96,100,1.29,CG,2021-08-24 18:58:41,moderate rain
370,Chlorakas,34.8042,32.4083,27.57,64,0,1.54,CY,2021-08-24 18:58:42,clear sky
371,Horta,38.5333,-28.6333,23.8,53,20,2.57,PT,2021-08-24 18:58:42,few clouds
372,Back Mountain,41.3359,-75.9963,30.73,58,4,2.68,US,2021-08-24 18:54:58,clear sky
373,Guarapari,-20.6667,-40.4975,25.94,72,0,8.09,BR,2021-08-24 18:58:42,clear sky
374,Ubinskoye,55.3068,79.6802,16.61,80,1,2.82,RU,2021-08-24 18:58:42,clear sky
375,Gubkinskiy,64.434,76.5026,16.78,56,100,2.89,RU,2021-08-24 18:58:43,overcast clouds
376,Leh,34.1667,77.5833,19.93,30,2,2.25,IN,2021-08-24 18:50:44,clear sky
377,Donnacona,46.6804,-71.7239,31.33,55,2,3.6,CA,2021-08-24 18:57:54,clear sky
378,Dese,11.1333,39.6333,12.3,67,79,1.6,ET,2021-08-24 18:50:56,broken clouds
379,Skuodas,56.2667,21.5333,12.92,69,100,2.07,LT,2021-08-24 18:58:43,overcast clouds
380,Plaster Rock,46.9065,-67.39,27.84,87,35,2.87,CA,2021-08-24 18:58:44,scattered clouds
381,Bettiah,26.8,84.5,26.56,91,100,0.86,IN,2021-08-24 18:58:44,light rain
382,Hatta,24.1167,79.6,24.93,92,99,3.85,IN,2021-08-24 18:58:44,overcast clouds
383,Contamana,-7.3333,-75.0167,39.22,24,20,2.17,PE,2021-08-24 18:58:44,few clouds
384,Santa Luzia,-19.7697,-43.8514,31.08,26,0,3.6,BR,2021-08-24 18:58:45,clear sky
385,Haldia,22.0605,88.1097,28.85,81,100,4.77,IN,2021-08-24 18:58:45,overcast clouds
386,Limon,10.0,-83.0333,30.94,70,75,5.66,CR,2021-08-24 18:58:45,broken clouds
387,Maralal,1.0968,36.698,16.83,48,100,4.06,KE,2021-08-24 18:58:45,overcast clouds
388,Kutum,14.2,24.6667,26.63,45,86,2.57,SD,2021-08-24 18:51:27,overcast clouds
389,Halifax,44.6453,-63.5724,28.94,74,20,2.24,CA,2021-08-24 18:47:52,few clouds
390,Rawson,-43.3002,-65.1023,11.12,35,40,8.9,AR,2021-08-24 18:49:56,scattered clouds
391,Bani Walid,31.7566,13.9942,26.91,45,0,6.81,LY,2021-08-24 18:58:46,clear sky
392,Qasigiannguit,68.8193,-51.1922,3.53,95,100,0.18,GL,2021-08-24 18:58:46,overcast clouds
393,Aripuana,-9.1667,-60.6333,39.45,17,6,1.29,BR,2021-08-24 18:50:24,clear sky
394,Vangaindrano,-23.35,47.6,20.54,82,100,3.57,MG,2021-08-24 18:58:47,overcast clouds
395,Gangapur,26.4833,76.7167,29.88,65,100,4.45,IN,2021-08-24 18:58:47,heavy intensity rain
396,Saint-Louis,16.3333,-15.0,35.8,41,60,4.31,SN,2021-08-24 18:58:47,broken clouds
397,Duvan,55.695,57.9024,20.07,54,100,1.28,RU,2021-08-24 18:58:47,overcast clouds
398,Cururupu,-1.8283,-44.8683,29.42,63,58,3.19,BR,2021-08-24 18:58:48,broken clouds
399,Santiago De Cao,-7.9589,-79.2392,19.07,72,40,6.69,PE,2021-08-24 18:58:48,scattered clouds
400,Brokopondo,4.75,-55.1667,31.65,52,70,0.66,SR,2021-08-24 18:58:48,broken clouds
401,Kenitra,34.261,-6.5802,22.42,80,68,3.43,MA,2021-08-24 18:56:35,broken clouds
402,Khash,28.2211,61.2158,25.92,14,6,5.1,IR,2021-08-24 18:58:49,clear sky
403,Porto Tolle,44.9497,12.3245,25.62,58,78,3.44,IT,2021-08-24 18:58:49,broken clouds
404,Goderich,43.7501,-81.7165,30.57,69,0,3.09,CA,2021-08-24 18:58:49,clear sky
405,Cockburn Town,21.4612,-71.1419,29.98,66,40,6.17,TC,2021-08-24 18:49:54,scattered clouds
406,Puerto Ayacucho,5.6639,-67.6236,30.56,65,65,1.81,VE,2021-08-24 18:58:50,broken clouds
407,Sept-Iles,50.2001,-66.3821,21.29,83,40,4.63,CA,2021-08-24 18:48:58,scattered clouds
408,Quelimane,-17.8786,36.8883,22.97,83,0,3.09,MZ,2021-08-24 18:50:48,clear sky
409,Havelock,34.8791,-76.9013,32.81,74,75,2.68,US,2021-08-24 18:49:21,broken clouds
410,Caucasia,7.9865,-75.1935,31.75,62,86,2.17,CO,2021-08-24 18:58:50,overcast clouds
411,Atar,20.5169,-13.0499,39.63,18,54,3.39,MR,2021-08-24 18:58:50,broken clouds
412,Boa Viagem,-5.1275,-39.7322,32.69,34,100,3.62,BR,2021-08-24 18:58:51,overcast clouds
413,Paragominas,-2.9667,-47.4833,33.66,36,100,1.01,BR,2021-08-24 18:58:51,overcast clouds
414,Bodden Town,19.2833,-81.25,32.0,70,20,5.14,KY,2021-08-24 18:58:51,few clouds
415,Kalmunai,7.4167,81.8167,26.71,77,56,6.92,LK,2021-08-24 18:49:21,broken clouds
416,Whitley Bay,55.0397,-1.4471,17.83,84,0,1.54,GB,2021-08-24 18:58:52,clear sky
417,Talcahuano,-36.7167,-73.1167,9.92,55,10,6.11,CL,2021-08-24 18:50:32,clear sky
418,Morondava,-20.2833,44.2833,22.63,83,0,5.18,MG,2021-08-24 18:58:52,clear sky
419,Khandbari,27.3747,87.2039,22.88,95,100,0.4,NP,2021-08-24 18:58:52,light rain
420,Ajdabiya,30.7554,20.2263,27.19,67,0,7.86,LY,2021-08-24 18:51:55,clear sky
421,Novogornyy,55.63,60.7919,22.77,37,40,2.79,RU,2021-08-24 18:58:53,scattered clouds
422,Gewane,10.1664,40.6453,30.06,35,43,1.4,ET,2021-08-24 18:58:53,scattered clouds
423,Mongo,12.1844,18.693,27.81,66,15,1.14,TD,2021-08-24 18:58:53,few clouds
424,Boende,-0.2167,20.8667,22.16,97,100,0.48,CD,2021-08-24 18:58:54,light rain
425,Znamenskoye,57.1281,73.8282,19.3,74,26,1.65,RU,2021-08-24 18:58:54,scattered clouds
426,Santa Cruz Do Sul,-29.7175,-52.4258,22.12,69,33,2.66,BR,2021-08-24 18:58:54,scattered clouds
427,Fianarantsoa,-21.4333,47.0833,14.7,88,85,1.46,MG,2021-08-24 18:58:54,overcast clouds
428,Waris Aliganj,25.0167,85.6333,27.73,86,100,2.64,IN,2021-08-24 18:58:55,overcast clouds
429,Hargeysa,9.56,44.065,25.05,43,35,3.47,SO,2021-08-24 18:58:55,scattered clouds
430,Fatsa,41.0278,37.5014,21.78,88,0,2.12,TR,2021-08-24 18:58:55,clear sky
431,Karasjok,69.4719,25.5112,10.06,74,100,3.16,NO,2021-08-24 18:54:53,overcast clouds
432,Niquero,20.0431,-77.5828,32.24,57,13,1.97,CU,2021-08-24 18:58:56,few clouds
433,Ciudad Bolivar,8.1222,-63.5497,31.67,56,100,2.77,VE,2021-08-24 18:58:56,overcast clouds
434,Kibala,9.1104,18.3463,26.97,78,20,0.0,TD,2021-08-24 18:58:57,thunderstorm
435,Hamilton,39.1834,-84.5333,35.89,51,1,1.34,US,2021-08-24 18:48:13,clear sky
436,Haapsalu,58.9431,23.5414,11.62,67,100,0.95,EE,2021-08-24 18:58:57,overcast clouds
437,Saint-Francois,46.4154,3.9054,20.1,60,0,3.09,FR,2021-08-24 18:51:18,clear sky
438,Gouyave,12.1646,-61.7296,28.43,84,40,8.75,GD,2021-08-24 18:58:57,scattered clouds
439,Meulaboh,4.1363,96.1285,24.33,86,100,1.63,ID,2021-08-24 18:51:49,overcast clouds
440,Maniitsoq,65.4167,-52.9,5.78,91,100,8.83,GL,2021-08-24 18:58:58,overcast clouds
441,Kautokeino,69.0125,23.0412,8.78,72,100,7.54,NO,2021-08-24 18:50:56,overcast clouds
442,Ratnagiri,16.9833,73.3,26.3,86,23,0.37,IN,2021-08-24 18:58:58,few clouds
443,Sao Pedro Do Piaui,-5.9294,-42.7186,36.78,22,100,2.07,BR,2021-08-24 18:58:58,overcast clouds
444,Boz,46.4071,4.9109,20.75,70,1,3.83,FR,2021-08-24 18:58:59,clear sky
445,Umm Kaddadah,13.6017,26.6876,30.65,41,27,4.69,SD,2021-08-24 18:51:02,scattered clouds
446,La Asuncion,11.0333,-63.8628,30.85,70,98,8.75,VE,2021-08-24 18:58:59,overcast clouds
447,Biograd Na Moru,43.9433,15.4519,25.39,54,100,5.91,HR,2021-08-24 18:58:59,overcast clouds
448,Adria,45.0564,12.0578,26.05,61,93,2.79,IT,2021-08-24 18:58:59,overcast clouds
449,Marrakesh,31.6315,-8.0083,31.04,42,0,3.6,MA,2021-08-24 18:58:23,clear sky
450,Wum,6.3833,10.0667,19.65,93,100,0.3,CM,2021-08-24 18:59:00,light rain
451,Bubaque,11.2833,-15.8333,27.0,81,91,4.87,GW,2021-08-24 18:59:00,overcast clouds
452,Japura,-0.3167,102.35,22.1,98,51,1.39,ID,2021-08-24 18:59:01,moderate rain
453,Kyabe,9.4515,18.9449,24.16,87,38,1.0,TD,2021-08-24 18:59:01,scattered clouds
454,Issoire,45.55,3.25,20.59,63,87,4.44,FR,2021-08-24 18:59:01,overcast clouds
455,Andenes,69.3143,16.1194,9.99,81,75,5.14,NO,2021-08-24 18:59:01,broken clouds
456,Jalgaon,21.0167,75.5667,25.47,83,98,2.74,IN,2021-08-24 18:59:02,overcast clouds
457,Lugoba,-6.45,38.3333,20.96,87,2,2.38,TZ,2021-08-24 18:59:02,clear sky
458,Pisco,-13.7,-76.2167,20.03,68,7,10.8,PE,2021-08-24 18:59:02,dust
459,Sakakah,29.9697,40.2064,38.76,13,4,3.02,SA,2021-08-24 18:59:03,clear sky
460,Lardos,36.0942,28.0157,26.08,71,0,5.7,GR,2021-08-24 18:59:03,clear sky
461,Privas,44.5833,4.5,21.58,71,0,2.78,FR,2021-08-24 18:59:03,clear sky
462,Kudahuvadhoo,2.6708,72.8944,27.25,77,88,5.14,MV,2021-08-24 18:59:04,overcast clouds
463,Rawah,34.4816,41.9093,34.49,14,0,4.51,IQ,2021-08-24 18:59:04,clear sky
464,Guarapuava,-25.3953,-51.4581,24.17,42,89,2.35,BR,2021-08-24 18:59:04,overcast clouds
465,Kayerkan,69.3497,87.7602,8.38,87,100,10.78,RU,2021-08-24 18:59:04,light rain
466,Kabalo,-6.05,26.9167,29.58,28,6,2.46,CD,2021-08-24 18:59:05,clear sky
467,Omboue,-1.5746,9.2618,24.73,83,77,4.78,GA,2021-08-24 18:49:57,broken clouds
468,Dzilam Gonzalez,21.2833,-88.9333,31.03,62,100,4.6,MX,2021-08-24 18:59:05,overcast clouds
469,Stromness,58.965,-3.296,15.14,92,100,4.47,GB,2021-08-24 18:48:44,overcast clouds
470,Dawlatabad,36.4141,64.9053,26.59,17,0,0.3,AF,2021-08-24 18:59:05,clear sky
471,Novyy Oskol,50.7631,37.8691,17.96,48,4,2.55,RU,2021-08-24 18:59:06,clear sky
472,Regeneracao,-6.2378,-42.6883,37.48,21,100,3.14,BR,2021-08-24 18:59:06,overcast clouds
473,Surt,31.2089,16.5887,27.77,63,0,4.85,LY,2021-08-24 18:59:06,clear sky
474,Coracora,-15.0333,-73.7833,17.18,28,31,5.94,PE,2021-08-24 18:59:07,scattered clouds
475,Aparecida Do Taboado,-20.0867,-51.0936,35.68,17,0,2.55,BR,2021-08-24 18:59:07,clear sky
476,Toledo,39.8333,-4.0,32.16,59,100,6.39,ES,2021-08-24 18:55:45,overcast clouds
477,Carutapera,-1.195,-46.02,27.42,80,99,4.04,BR,2021-08-24 18:50:23,overcast clouds
478,Calvinia,-31.4707,19.776,10.85,62,0,1.97,ZA,2021-08-24 18:51:42,clear sky
479,Korla,41.7597,86.1469,26.16,17,100,4.66,CN,2021-08-24 18:51:06,overcast clouds
480,Lichinga,-13.3128,35.2406,18.05,55,0,3.09,MZ,2021-08-24 18:59:07,clear sky
481,Elesbao Veloso,-6.2019,-42.1403,37.07,21,98,2.06,BR,2021-08-24 18:59:08,overcast clouds
482,Hit,33.6416,42.8251,37.06,15,0,4.64,IQ,2021-08-24 18:50:06,clear sky
483,San Juan,-31.5375,-68.5364,15.09,18,0,1.32,AR,2021-08-24 18:54:59,clear sky
484,Puri,19.8,85.85,27.29,79,98,6.54,IN,2021-08-24 18:59:08,overcast clouds
485,Krasnogvardeyets,52.6804,52.3635,24.86,38,100,2.94,RU,2021-08-24 18:59:08,overcast clouds
486,Hammerfest,70.6634,23.6821,12.25,62,75,2.57,NO,2021-08-24 18:59:09,broken clouds
487,Tambo,-14.8,-73.9167,10.0,30,19,7.68,PE,2021-08-24 18:59:09,few clouds
488,Cruzeiro Do Sul,-29.5128,-51.9853,23.35,67,31,2.57,BR,2021-08-24 18:59:09,scattered clouds
489,Santa Elena,-2.2333,-80.85,23.75,73,75,4.12,EC,2021-08-24 18:59:10,broken clouds
490,Taltal,-25.4,-70.4833,13.16,69,100,2.24,CL,2021-08-24 18:59:10,overcast clouds
491,Kitgum,3.2783,32.8867,21.22,78,58,0.55,UG,2021-08-24 18:59:10,broken clouds
492,Kati,12.7441,-8.0726,31.67,88,41,2.76,ML,2021-08-24 18:59:11,moderate rain
493,Doka,13.5167,35.7667,23.44,79,100,4.28,SD,2021-08-24 18:59:11,overcast clouds
494,Bilma,18.6853,12.9164,36.83,19,5,2.86,NE,2021-08-24 18:49:39,clear sky
495,Holly Hill,29.2436,-81.0376,33.95,55,75,3.13,US,2021-08-24 18:59:11,haze
496,Dangriga,16.9692,-88.2321,31.98,84,100,5.41,BZ,2021-08-24 18:59:12,overcast clouds
497,La Sarre,48.8002,-79.1996,27.04,44,15,4.5,CA,2021-08-24 18:59:12,few clouds
498,Warrenton,-28.114,24.8475,15.79,14,0,3.02,ZA,2021-08-24 18:59:12,clear sky
499,Filadelfia,39.9523,-75.1638,34.45,52,1,2.24,US,2021-08-24 18:59:13,clear sky
500,Revda,56.801,59.9303,19.45,64,100,1.22,RU,2021-08-24 18:59:13,overcast clouds
501,Inhambane,-23.865,35.3833,21.99,94,0,4.63,MZ,2021-08-24 18:49:49,clear sky
502,Maragogi,-9.0122,-35.2225,25.16,80,21,4.92,BR,2021-08-24 18:59:13,few clouds
503,Goiatuba,-18.0125,-49.3547,32.66,19,3,2.78,BR,2021-08-24 18:59:14,clear sky
504,Rocha,-34.4833,-54.3333,12.82,62,100,3.03,UY,2021-08-24 18:59:14,overcast clouds
505,Karabuk,41.2049,32.6277,20.81,67,0,0.47,TR,2021-08-24 18:59:14,clear sky
506,Kapoeta,4.7717,33.5903,27.49,42,42,2.09,SS,2021-08-24 18:59:15,scattered clouds
507,Valparaiso,-33.0393,-71.6273,16.8,51,20,4.63,CL,2021-08-24 18:59:02,few clouds
508,Caravelas,-17.7125,-39.2481,24.53,56,0,4.11,BR,2021-08-24 18:59:15,clear sky
509,Walvis Bay,-22.9575,14.5053,12.83,82,0,2.57,NA,2021-08-24 18:59:15,clear sky
510,Rabo De Peixe,37.8,-25.5833,22.73,73,75,6.17,PT,2021-08-24 18:59:15,broken clouds
511,Atocha,-20.9333,-66.2333,12.27,6,0,12.7,BO,2021-08-24 18:59:16,clear sky
512,Knysna,-34.0363,23.0471,14.21,78,77,1.96,ZA,2021-08-24 18:59:16,broken clouds
513,Copiapo,-27.3667,-70.3333,15.33,46,100,5.7,CL,2021-08-24 18:59:16,overcast clouds
514,Benin,9.5,2.25,24.17,90,100,1.49,BJ,2021-08-24 18:59:17,light rain
515,Penzance,50.1186,-5.5371,20.56,75,0,3.68,GB,2021-08-24 18:59:17,clear sky
516,Kataysk,56.289,62.5841,22.57,35,14,2.16,RU,2021-08-24 18:59:17,few clouds
517,Velikiy Ustyug,60.7644,46.3106,11.93,91,100,0.56,RU,2021-08-24 18:59:17,overcast clouds
518,Danville,36.586,-79.395,35.18,61,7,1.24,US,2021-08-24 18:56:36,clear sky
519,Revadanda,18.5503,72.9278,28.0,88,100,1.11,IN,2021-08-24 18:59:18,overcast clouds
520,Eregli,37.5133,34.0467,21.52,34,0,1.93,TR,2021-08-24 18:59:18,clear sky
521,Velka Nad Velickou,48.8826,17.5206,15.19,83,100,6.58,CZ,2021-08-24 18:59:18,overcast clouds
522,Roura,4.7263,-52.3274,31.95,66,40,6.69,GF,2021-08-24 18:59:19,scattered clouds
523,Tete,-16.1564,33.5867,29.05,39,0,3.6,MZ,2021-08-24 18:50:11,clear sky
524,Urucara,-2.5364,-57.76,38.15,25,84,2.34,BR,2021-08-24 18:51:31,broken clouds
525,Bam,29.106,58.357,32.25,13,1,5.92,IR,2021-08-24 18:59:19,clear sky
526,Rathkeale,52.5244,-8.9381,22.73,60,20,2.57,IE,2021-08-24 18:59:19,few clouds
527,Lake Mary,28.7589,-81.3178,34.1,68,100,1.34,US,2021-08-24 18:55:07,overcast clouds
528,Acari,-15.4311,-74.6158,19.96,65,51,5.07,PE,2021-08-24 18:59:20,broken clouds
529,Nuuk,64.1835,-51.7216,12.34,62,75,4.63,GL,2021-08-24 18:48:28,broken clouds
530,Sunel,24.3667,75.9667,25.38,83,25,6.16,IN,2021-08-24 18:59:20,scattered clouds
531,Qena,26.1615,32.7183,34.06,20,0,4.14,EG,2021-08-24 18:59:21,clear sky
532,Carauari,-4.8828,-66.8958,39.15,24,77,1.58,BR,2021-08-24 18:58:03,broken clouds
533,Aquiraz,-3.9014,-38.3911,29.05,68,91,6.69,BR,2021-08-24 18:59:21,overcast clouds
534,Liwale,-9.7667,37.9333,21.97,68,25,3.59,TZ,2021-08-24 18:59:21,scattered clouds
535,Tulum,20.2167,-87.4667,31.63,70,94,2.83,MX,2021-08-24 18:59:22,overcast clouds
536,San Ramon,37.7799,-121.978,25.58,57,0,2.68,US,2021-08-24 18:55:01,clear sky
537,Guanica,17.9716,-66.908,32.77,69,69,3.13,PR,2021-08-24 18:59:22,broken clouds
538,Tambura,5.6,27.4667,21.08,90,55,0.58,SS,2021-08-24 18:59:22,broken clouds
539,Quatre Cocos,-20.2078,57.7625,21.06,63,98,7.49,MU,2021-08-24 18:55:08,overcast clouds
540,Manacapuru,-3.2997,-60.6206,34.32,35,82,1.15,BR,2021-08-24 18:59:23,broken clouds
541,Vincennes,48.85,2.4333,21.16,52,0,1.79,FR,2021-08-24 18:59:23,clear sky
542,Katrineholm,58.9959,16.2072,17.07,65,100,2.53,SE,2021-08-24 18:59:23,overcast clouds
543,San Francisco,37.7749,-122.4194,26.73,76,40,1.34,US,2021-08-24 18:56:33,scattered clouds
544,Manaure,11.7751,-72.4445,29.01,73,99,10.42,CO,2021-08-24 18:59:23,overcast clouds
545,Manjacaze,-24.7117,33.8828,23.8,50,75,3.91,MZ,2021-08-24 18:50:04,broken clouds
546,Bani,18.2833,-70.3333,33.69,58,90,5.74,DO,2021-08-24 18:49:32,overcast clouds
547,Lubumbashi,-11.6609,27.4794,23.06,38,76,0.84,CD,2021-08-24 18:58:02,broken clouds
548,Kaina,12.6374,8.5873,25.38,51,51,2.97,NG,2021-08-24 18:59:24,broken clouds
549,Lobito,-12.3481,13.5456,20.91,87,92,2.43,AO,2021-08-24 18:59:24,overcast clouds
550,Rumonge,-3.9736,29.4386,25.72,45,16,1.5,BI,2021-08-24 18:59:25,few clouds
551,Talnakh,69.4865,88.3972,10.6,88,100,7.09,RU,2021-08-24 18:51:49,light rain
552,Baghdad,33.3406,44.4009,33.95,26,0,3.09,IQ,2021-08-24 18:56:28,clear sky
553,Prado,-17.3411,-39.2208,24.15,62,0,4.17,BR,2021-08-24 18:59:25,clear sky
554,Aktau,43.65,51.2,26.32,76,25,4.39,KZ,2021-08-24 18:59:25,scattered clouds
555,Volkhov,59.9258,32.3382,9.92,91,100,2.6,RU,2021-08-24 18:50:56,light rain
556,Isiro,2.7739,27.616,20.97,82,48,1.09,CD,2021-08-24 18:59:26,scattered clouds
557,Guara,-20.4283,-47.8242,34.12,16,1,0.8,BR,2021-08-24 18:59:26,clear sky
558,Umm Lajj,25.0213,37.2685,31.98,49,26,3.87,SA,2021-08-24 18:49:28,scattered clouds
559,Shaki,41.0833,47.1667,23.44,65,95,1.87,AZ,2021-08-24 18:59:16,overcast clouds
560,Paracuru,-3.41,-39.0306,29.01,64,55,7.74,BR,2021-08-24 18:59:26,broken clouds
561,San Vicente,-26.6167,-54.1333,26.87,50,75,2.65,AR,2021-08-24 18:59:27,broken clouds
562,Buenaventura,3.8801,-77.0312,24.9,95,100,2.69,CO,2021-08-24 18:59:27,overcast clouds
563,Marawi,7.9986,124.2928,18.14,93,100,1.16,PH,2021-08-24 18:59:27,overcast clouds
564,Roald,62.5833,6.1333,16.73,94,75,12.86,NO,2021-08-24 18:51:35,light intensity drizzle
565,Birao,10.2849,22.7882,23.52,81,100,1.1,CF,2021-08-24 18:59:28,overcast clouds
566,Skibotn,69.3913,20.2679,9.05,82,100,5.06,NO,2021-08-24 18:59:28,overcast clouds
567,Jimani,18.4917,-71.8502,36.83,28,74,0.35,DO,2021-08-24 18:59:28,broken clouds
568,Yaounde,3.8667,11.5167,24.74,83,75,1.03,CM,2021-08-24 18:56:15,thunderstorm
569,Abalak,58.1286,68.5944,21.09,54,10,2.37,RU,2021-08-24 18:59:29,clear sky
570,Santa Vitoria Do Palmar,-33.5189,-53.3681,11.11,91,100,3.49,BR,2021-08-24 18:51:17,overcast clouds
571,Marzuq,14.4,46.4667,28.59,53,91,2.12,YE,2021-08-24 18:59:29,overcast clouds
572,Lokoja,7.8024,6.743,24.77,94,15,2.16,NG,2021-08-24 18:59:29,light rain
573,Harwich,51.9419,1.2844,17.78,78,99,4.47,GB,2021-08-24 18:59:30,overcast clouds
574,Shipunovo,52.1582,82.2173,15.59,68,0,4.76,RU,2021-08-24 18:59:30,clear sky
575,Aksarka,66.5606,67.7975,8.37,83,11,3.56,RU,2021-08-24 18:59:30,few clouds
576,Miracema Do Tocantins,-9.5618,-48.3967,38.45,17,71,1.17,BR,2021-08-24 18:59:31,broken clouds
577,Kipushi,-11.7667,27.2333,22.52,37,82,0.93,CD,2021-08-24 18:59:31,broken clouds
578,Chagoda,59.164,35.3285,7.42,97,9,2.19,RU,2021-08-24 18:59:31,clear sky
579,Constantine,36.365,6.6147,27.67,47,40,2.57,DZ,2021-08-24 18:45:19,scattered clouds
580,Ikare,7.4913,5.2322,22.2,98,58,1.6,NG,2021-08-24 18:59:32,light rain
581,San Rafael,-34.6177,-68.3301,14.48,19,0,2.26,AR,2021-08-24 18:57:27,clear sky
582,Chapleau,47.8405,-83.4034,25.05,50,40,3.09,CA,2021-08-24 18:59:32,scattered clouds
583,Yabassi,4.457,9.9682,25.8,94,89,0.91,CM,2021-08-24 18:59:33,overcast clouds
584,Itaituba,-4.2761,-55.9836,36.09,46,40,5.14,BR,2021-08-24 18:59:33,scattered clouds
585,Gazojak,41.1875,61.4036,28.37,20,0,4.56,TM,2021-08-24 18:59:33,clear sky
586,Asbury Park,40.2204,-74.0121,34.41,54,1,0.89,US,2021-08-24 18:55:29,clear sky
587,Nouakchott,18.0858,-15.9785,29.96,78,95,7.36,MR,2021-08-24 18:59:34,overcast clouds
588,Camacha,33.0833,-16.3333,23.42,69,40,5.66,PT,2021-08-24 18:59:34,scattered clouds
589,Madona,56.8533,26.217,11.0,81,100,2.18,LV,2021-08-24 18:59:34,overcast clouds
590,Semibratovo,57.3046,39.5369,9.92,70,82,3.11,RU,2021-08-24 18:59:35,broken clouds
591,Vallenar,-28.5708,-70.7581,16.21,41,22,6.21,CL,2021-08-24 18:50:39,few clouds
592,Dakoro,14.5106,6.765,34.46,33,10,2.43,NE,2021-08-24 18:59:35,clear sky
593,Hun,29.1268,15.9477,30.74,25,0,3.84,LY,2021-08-24 18:59:35,clear sky
594,Ravar,31.2656,56.8055,28.36,11,0,4.4,IR,2021-08-24 18:59:36,clear sky
595,Rafsanjan,30.4067,55.9939,28.33,16,5,1.79,IR,2021-08-24 18:59:36,clear sky
596,Tambopata,-12.7333,-69.1833,33.94,52,40,4.12,PE,2021-08-24 18:59:36,scattered clouds
597,Fereydun Kenar,36.6864,52.5225,26.17,72,0,2.35,IR,2021-08-24 18:59:36,clear sky
598,Semey,50.4111,80.2275,17.93,51,0,4.54,KZ,2021-08-24 18:59:37,clear sky
599,Mikhaylovka,50.06,43.2379,17.23,58,61,1.89,RU,2021-08-24 18:59:37,broken clouds
600,Tubuala,9.5167,-79.0333,27.06,74,100,2.67,PA,2021-08-24 18:59:37,overcast clouds
601,Rio Grande,-32.035,-52.0986,14.06,93,100,8.13,BR,2021-08-24 18:47:35,overcast clouds
602,Hwange,-18.3693,26.5019,23.94,41,2,1.55,ZW,2021-08-24 18:59:38,clear sky
603,Sibi,29.5448,67.8764,36.49,16,0,1.71,PK,2021-08-24 18:59:38,clear sky
604,Kalamazoo,42.2506,-85.55,32.42,55,96,4.34,US,2021-08-24 18:59:24,overcast clouds
605,Bonavista,48.6499,-53.1147,22.0,81,100,7.9,CA,2021-08-24 18:51:21,light rain
606,Padang,-0.9492,100.3543,24.03,84,100,1.44,ID,2021-08-24 18:59:38,overcast clouds
607,Corrente,-3.7367,-43.3394,35.23,32,98,1.35,BR,2021-08-24 18:59:39,overcast clouds
608,Mucurici,-18.0933,-40.5158,25.83,48,97,6.8,BR,2021-08-24 18:59:39,overcast clouds
609,Nicoya,10.1483,-85.452,27.75,74,82,1.62,CR,2021-08-24 18:49:50,broken clouds
610,Karpogory,64.0019,44.4451,8.39,78,100,2.13,RU,2021-08-24 18:59:39,overcast clouds
611,Saint-Pierre,-21.3393,55.4781,20.82,68,75,5.66,RE,2021-08-24 18:59:40,broken clouds
612,Nurota,40.5614,65.6886,26.05,18,0,1.84,UZ,2021-08-24 18:59:40,clear sky
613,Kurchum,48.5722,83.6542,18.61,33,5,1.67,KZ,2021-08-24 18:51:36,clear sky
614,Athmallik,20.7219,84.5348,26.66,82,84,0.9,IN,2021-08-24 18:59:40,broken clouds
615,Wetteren,50.9934,3.8721,19.43,56,28,4.18,BE,2021-08-24 18:59:41,scattered clouds
616,Sturgis,41.7992,-85.4192,33.5,40,1,4.12,US,2021-08-24 18:59:41,clear sky
617,Ormara,25.2088,64.6357,26.22,90,29,8.92,PK,2021-08-24 18:51:23,scattered clouds
618,General Roca,-39.0333,-67.5833,12.22,26,3,5.87,AR,2021-08-24 18:59:41,clear sky
619,Beckley,37.7782,-81.1882,31.02,57,1,2.06,US,2021-08-24 18:59:42,clear sky
620,Vannes,47.8333,-2.5,22.48,47,0,5.3,FR,2021-08-24 18:59:42,clear sky
621,Alexander City,32.944,-85.9539,34.62,49,1,2.06,US,2021-08-24 18:59:42,clear sky
622,Fort-Shevchenko,44.5086,50.263,26.5,71,100,4.48,KZ,2021-08-24 18:59:42,overcast clouds
623,Darnah,32.767,22.6367,25.75,72,0,7.05,LY,2021-08-24 18:59:43,clear sky
624,Igarka,67.4667,86.5833,10.48,74,11,8.38,RU,2021-08-24 18:59:43,few clouds
625,Maues,-3.3836,-57.7186,38.76,24,100,1.87,BR,2021-08-24 18:56:19,overcast clouds
626,Barcelos,41.5388,-8.6151,28.29,52,0,0.8,PT,2021-08-24 18:59:44,clear sky
627,Yining,29.0361,114.5636,22.53,98,30,0.07,CN,2021-08-24 18:59:44,light rain
628,Evansville,37.9748,-87.5558,35.36,55,0,0.45,US,2021-08-24 18:59:12,clear sky
629,Forio,40.7342,13.8646,27.16,84,2,1.79,IT,2021-08-24 18:59:44,clear sky
630,Embu,-23.6489,-46.8522,31.02,19,4,0.67,BR,2021-08-24 18:59:44,clear sky
631,Chilmari,25.5559,89.6715,26.81,89,100,3.44,BD,2021-08-24 18:59:45,overcast clouds
632,Daud Khel,32.875,71.5701,37.15,32,0,1.54,PK,2021-08-24 18:59:45,clear sky
633,Tekeli,44.83,78.8239,19.12,25,100,1.7,KZ,2021-08-24 18:59:45,overcast clouds
634,Lugovoy,42.9472,72.7644,22.22,42,6,2.72,KZ,2021-08-24 18:59:46,clear sky
635,Grand-Santi,4.25,-54.3833,30.88,57,100,0.42,GF,2021-08-24 18:59:46,overcast clouds
636,Polovinnoye,54.7914,65.9864,22.52,36,0,2.53,RU,2021-08-24 18:59:46,clear sky
637,Maputo,-25.9653,32.5892,24.82,61,40,6.17,MZ,2021-08-24 18:59:47,scattered clouds
638,Leshukonskoye,64.8989,45.7622,7.09,87,100,1.93,RU,2021-08-24 18:51:22,overcast clouds
639,Nanga Eboko,4.6833,12.3667,21.45,95,89,1.22,CM,2021-08-24 18:59:47,overcast clouds
640,Channel-Port Aux Basques,47.5702,-59.1367,20.07,98,100,6.84,CA,2021-08-24 18:59:47,light rain
641,Bansang,13.4333,-14.65,32.19,84,84,2.4,GM,2021-08-24 18:59:47,broken clouds
642,Pangody,65.85,74.4859,10.66,73,51,3.64,RU,2021-08-24 18:59:48,broken clouds
643,Tucuru,15.3,-90.0667,27.46,76,99,2.0,GT,2021-08-24 18:59:48,overcast clouds
644,Wagar,16.1525,36.2032,27.4,63,100,6.51,SD,2021-08-24 18:59:48,overcast clouds
645,Delta Del Tigre,-34.7633,-56.3853,14.23,51,0,3.6,UY,2021-08-24 18:59:49,clear sky
646,Goundam,16.4145,-3.6708,38.52,24,47,1.15,ML,2021-08-24 18:59:49,scattered clouds
647,Lucapa,-8.4192,20.7447,22.36,70,100,1.86,AO,2021-08-24 18:59:49,overcast clouds
648,Sabha,27.0377,14.4283,30.89,21,0,4.77,LY,2021-08-24 18:59:49,clear sky
649,Onega,63.9061,38.1404,8.62,70,100,2.87,RU,2021-08-24 18:59:50,overcast clouds
650,Ouadda,8.0777,22.4007,20.76,98,100,2.16,CF,2021-08-24 18:59:50,heavy intensity rain
651,Port Shepstone,-30.7414,30.455,17.59,70,0,2.74,ZA,2021-08-24 18:59:50,clear sky
652,Turukhansk,65.8167,87.9833,12.4,77,73,3.93,RU,2021-08-24 18:50:00,broken clouds
653,Ghanzi,-21.5667,21.7833,21.6,27,5,3.02,BW,2021-08-24 18:59:51,clear sky
654,Calafell,41.2,1.5683,25.93,66,100,2.95,ES,2021-08-24 18:59:51,overcast clouds
655,Sangueya,10.7,-14.3667,25.24,89,76,1.86,GN,2021-08-24 18:59:51,broken clouds
656,Paamiut,61.994,-49.6678,5.88,89,47,1.92,GL,2021-08-24 18:50:07,scattered clouds
657,Vetralla,42.3098,12.0784,21.48,78,2,0.44,IT,2021-08-24 18:59:52,clear sky
658,Korgen,66.0771,13.8153,11.84,98,100,1.96,NO,2021-08-24 18:59:52,light rain
659,Pali,25.7667,73.3333,30.78,51,100,7.28,IN,2021-08-24 18:59:52,overcast clouds
660,Mayen,50.3333,7.2167,18.13,70,85,2.77,DE,2021-08-24 18:59:52,overcast clouds
661,Hvolsvollur,63.7533,-20.2243,14.89,94,100,3.22,IS,2021-08-24 18:59:53,overcast clouds
662,Kita,13.0349,-9.4895,25.44,84,50,1.25,ML,2021-08-24 18:59:53,light rain
663,Mahajanga,-15.7167,46.3167,22.01,78,0,2.06,MG,2021-08-24 18:59:53,clear sky
664,Pionerskiy,54.9508,20.2275,13.91,67,15,6.24,RU,2021-08-24 18:59:54,few clouds
665,Sao Lourenco Do Sul,-31.3653,-51.9783,14.03,95,100,5.88,BR,2021-08-24 18:55:34,overcast clouds
666,Kochkurovo,54.0358,45.4184,15.54,56,91,2.4,RU,2021-08-24 18:59:54,overcast clouds
667,Bibbiena,43.6965,11.8135,21.33,71,20,2.54,IT,2021-08-24 18:59:54,few clouds
668,Rodrigues Alves,-7.738,-72.6509,38.11,22,99,1.83,BR,2021-08-24 18:59:55,overcast clouds
669,Mao,39.8885,4.2658,24.31,64,20,6.69,ES,2021-08-24 18:50:48,few clouds
670,Kamenka,51.3223,42.7678,15.87,63,79,1.41,RU,2021-08-24 18:59:55,broken clouds
671,Hualmay,-11.0964,-77.6139,18.14,78,63,6.74,PE,2021-08-24 18:59:55,broken clouds
672,Kirgiz-Miyaki,53.6324,54.7979,23.15,31,100,2.63,RU,2021-08-24 18:59:56,overcast clouds
673,Kashi,39.4547,75.9797,24.56,35,97,5.0,CN,2021-08-24 18:49:56,overcast clouds
674,Krasnoselkup,65.7,82.4667,12.18,74,17,4.39,RU,2021-08-24 18:50:59,few clouds
675,Pontes E Lacerda,-15.2261,-59.3353,38.65,15,0,3.46,BR,2021-08-24 18:59:56,clear sky
676,Kpandae,8.4689,-0.0113,26.16,80,100,2.43,GH,2021-08-24 18:59:56,light rain
677,Slonim,53.0867,25.3219,13.64,67,91,4.64,BY,2021-08-24 18:59:57,overcast clouds
678,Fray Bentos,-33.1325,-58.2956,16.52,52,100,5.17,UY,2021-08-24 18:59:57,overcast clouds
679,Statesville,35.7826,-80.8873,35.37,54,40,2.57,US,2021-08-24 18:56:03,scattered clouds
680,Manavalakurichi,8.1333,77.3,27.05,87,42,2.62,IN,2021-08-24 18:59:58,scattered clouds
681,Kembe,4.6228,21.8865,22.72,85,93,0.92,CF,2021-08-24 18:59:58,light rain
682,Ponta Delgada,37.7333,-25.6667,23.4,73,75,6.17,PT,2021-08-24 18:50:23,broken clouds
683,Umea,63.8284,20.2597,11.06,87,75,4.63,SE,2021-08-24 18:59:58,moderate rain
684,Haldensleben,52.2891,11.4098,17.19,63,30,2.35,DE,2021-08-24 18:59:59,scattered clouds
685,Shaghat,39.5625,45.9143,23.39,87,62,3.84,AM,2021-08-24 18:59:59,broken clouds
686,Punta Cardon,11.6581,-70.215,29.37,69,100,4.8,VE,2021-08-24 18:59:59,overcast clouds
687,Ayagoz,47.9714,80.4392,17.49,26,0,4.29,KZ,2021-08-24 18:59:59,clear sky
688,Rafaela,-31.2503,-61.4867,18.32,20,100,3.13,AR,2021-08-24 19:00:00,overcast clouds
689,Uige,-7.6087,15.0613,20.88,74,100,0.57,AO,2021-08-24 19:00:01,overcast clouds
690,Dinguiraye,11.3,-10.7167,23.92,88,22,1.33,GN,2021-08-24 19:00:01,light rain
691,Strezhevoy,60.7333,77.5889,18.99,70,88,2.4,RU,2021-08-24 19:00:05,overcast clouds
692,Maniwaki,46.3834,-75.966,30.35,39,0,3.47,CA,2021-08-24 19:00:05,clear sky
693,Waren,53.5167,12.6833,15.83,70,100,2.53,DE,2021-08-24 19:00:07,overcast clouds
694,Puerto El Triunfo,13.2833,-88.55,29.56,70,27,3.06,SV,2021-08-24 19:00:08,scattered clouds
695,Necochea,-38.5473,-58.7368,11.69,39,91,4.02,AR,2021-08-24 18:56:02,overcast clouds
696,Amzya,56.2354,54.3868,20.01,67,99,1.31,RU,2021-08-24 19:00:09,light rain
697,Aste,45.7906,11.0961,20.42,86,90,1.47,IT,2021-08-24 19:00:09,light rain
698,Aksu,41.1231,80.2644,22.69,48,100,7.99,CN,2021-08-24 19:00:10,overcast clouds
699,Loandjili,-4.7561,11.8578,23.74,82,100,4.47,CG,2021-08-24 19:00:10,overcast clouds
700,Trincomalee,8.5711,81.2335,26.86,76,70,5.53,LK,2021-08-24 19:00:11,broken clouds
701,Sundarnagar,31.5333,76.8833,23.9,83,46,1.8,IN,2021-08-24 19:00:11,light rain
702,Alekseyevka,50.6309,38.6903,18.77,40,6,2.18,RU,2021-08-24 19:00:12,clear sky
703,Alakurtti,66.9672,30.3491,6.46,87,89,1.54,RU,2021-08-24 19:00:13,overcast clouds
704,Urengoy,65.9667,78.3667,11.2,76,16,4.17,RU,2021-08-24 19:00:14,few clouds
705,Ashqelon,31.6693,34.5715,28.23,66,0,2.99,IL,2021-08-24 19:00:14,clear sky
706,Taoudenni,22.6783,-3.9836,40.88,7,0,4.89,ML,2021-08-24 19:00:15,clear sky
707,Samana,19.2056,-69.3369,29.38,67,100,3.54,DO,2021-08-24 19:00:15,overcast clouds
708,Mabaruma,8.2,-59.7833,30.85,59,22,3.04,GY,2021-08-24 19:00:16,few clouds
